Neighbourhood,Neighbourhood Id,Home Prices,Mid-Century Highrise Households,Mid-Century Highrise Population,Percent Mid-Century Highrise Households,Percent Mid-Century Highrise Population,Rent Bank Applicants,Social Housing Turnover,Social Housing Units,Social Housing Waiting List,PFR Community Space Use,PFR Permits Issued,PFR Program Free Registrations,PFR Program Registrations,TCHC Facility Amenities,Breast Cancer Screenings,Cervical Cancer Screenings,DineSafe Inspections,Female Fertility,Health Providers,Premature Mortality,Student Nutrition,Green Rebate Programs,Green Spaces,Pollutant Carcinogenic TEP Score,Pollutant Non-Carcinogenic TEP Score,Pollutants Released to Air,Tree Cover,Businesses,Child Care Spaces,Debt Risk Score,Home Prices,Local Employment,Social Assistance Recipients,Linguistic Diversity Index,Total Area,Total Population,Pop - Males,Pop - Females,Pop 0 - 4 years,Pop 5 - 9 years,Pop 10 - 14 years,Pop 15 -19 years,Pop 20 - 24 years,Pop  25 - 29 years,Pop 30 - 34 years,Pop 35 - 39 years,Pop 40 - 44 years,Pop 45 - 49 years,Pop 50 - 54 years,Pop 55 - 59 years,Pop 60 - 64 years,Pop 65 - 69 years,Pop 70 - 74 years,Pop 75 - 79 years,Pop 80 - 84 years,Pop 85 years and over,Seniors 55 and over,Seniors 65 and over,Child 0-14,Youth 15-24,Home Language Category,   Language - Chinese,   Language - Italian,   Language - Korean,   Language - Persian (Farsi),   Language - Portuguese,   Language - Russian,   Language - Spanish,   Language - Tagalog,   Language - Tamil,   Language - Urdu,City Beautification,City Grants Funding $,Diversity Index,Voter Turnout,Watermain Breaks
West Humber-Clairville,1,317508,690,1810,6.8,5.3,38,0.3125,952,557,673,2243,3,5512,6,57.02,60.52,10,59.92327882,101,223.8,1105,428,2.078835532,5737.87,18658529.73,1585690,2895860.846,2463,195,719,317508,58271,2912,0.741342682,30.09,34100,17095,17000,1865,1950,2155,2550,2855,2755,2360,2175,2445,2545,2360,1975,1780,1345,1070,895,585,410,8095,4330,5960,5400,32215,475,925,95,160,205,15,1100,850,715,715,191,520390,4.76954,34.7571,30
Mount Olive-Silverstone-Jamestown,2,251119,4110,13395,42.9,40.9,41,7,1146,1049,2650,4569,5370,5431,9,50.14,55.75,2,64.41002104,44,242.6,5132,250,1.048870056,29.76,2015,31,1303945.159,271,60,687,251119,3244,6561,0.815741029,4.6,32790,16015,16765,2575,2535,2555,2620,2400,2335,2355,2530,2500,2370,2050,1610,1360,1055,775,605,340,170,5935,2955,7665,5015,31140,275,750,60,350,115,50,820,345,1420,1075,55,10040,4.969163,28.1441,8
Thistletown-Beaumond Heights,3,414216,430,1260,13.4,12.4,7,1.333333333,447,270,1142,2092,208,2347,3,55.22,61.15,4,57.48086291,14,226.1,950,118,0.939107957,0,0,0,1499129.97,217,25,718,414216,1311,1276,0.766719586,3.4,10140,4920,5225,575,580,670,675,675,675,600,640,745,780,690,565,515,420,370,405,290,260,2825,1740,1815,1350,9455,95,705,35,115,105,15,570,130,120,300,25,158658,5.106365,40.5373,9
Rexdale-Kipling,4,392271,600,1050,15.2,10,19,4.2,432,186,3,287,0,63,1,54.28,64.69,0,45.58629776,6,282.7,180,121,0.240663012,0,37632,35920,756382.2761,144,75,721,392271,1178,1323,0.660805938,2.5,10485,5035,5455,495,520,570,665,650,645,600,645,745,825,865,710,630,455,415,385,360,300,3245,1905,1590,1315,9855,95,475,30,95,145,30,700,180,70,215,19,49210,5.20861,39.7091,5
Elms-Old Rexdale,5,233832,870,2305,27.3,24.1,14,1,463,239,74,2674,36,5874,4,55.15,61.54,1,61.392833,1,163.6,2030,73,0.730089694,0,309,309,997510.8066,67,60,692,233832,903,1683,0.685554389,2.9,9550,4615,4935,670,720,720,725,655,570,595,600,750,720,710,545,475,350,265,235,145,100,2110,1100,2110,1380,9190,90,510,55,285,80,30,670,195,60,140,17,42870,5.502152,34.0128,10
Kingsview Village-The Westway,6,292861,4465,12445,58.2,57.3,55,9.5,367,663,0,1,2547,33,2,57.08,59.07,4,59.80024969,24,181.9,1740,181,0.310186768,0,730.4,332,1642485.293,160,129,717,292861,2799,4348,0.795564999,5.1,21725,10310,11415,1515,1470,1480,1460,1435,1385,1285,1415,1490,1630,1430,1220,1095,845,780,750,605,440,5725,3405,4470,2925,20845,315,1310,185,475,305,150,970,255,215,1285,35,84210,5.306001,34.6504,21
Willowridge-Martingrove-Richview,7,511637,2890,7090,35.5,33.2,24,2,561,316,153,2796,59,6643,3,61.92,64.86,0,44.86638537,31,172.6,1325,259,0.348688375,0,0,0,1701247.392,169,165,750,511637,1843,2032,0.713079941,5.5,21345,10190,11145,1110,1070,1195,1320,1355,1235,1105,1190,1460,1570,1635,1355,1220,925,910,1025,895,760,7060,4505,3415,2660,20655,390,1745,320,105,370,130,760,250,145,485,50,32430,5.081778,37.744,5
Humber Heights-Westmount,8,491396,1370,2860,35,27,3,1.8125,669,155,502,796,0,166,9,58.84,67.05,0,44.99252616,4,207.9,380,114,0.431646057,0,15001173,72,1242746.671,82,140,753,491396,896,856,0.759220994,2.8,10580,4740,5840,495,495,485,615,530,520,560,585,670,800,750,655,595,460,505,555,570,750,4090,2850,1470,1145,9725,70,1090,85,45,315,200,405,40,5,55,24,34520,4.855956,36.1911,31
Edenbridge-Humber Valley,9,873268,1550,3630,25.7,24.3,10,0,0,139,1,1581,0,1809,0,64.79,69.06,2,30.9623431,10,193,0,129,0.544804291,0,0,0,2788998.758,153,30,761,873268,1334,751,0.676580533,5.5,14945,7075,7865,570,755,855,900,960,915,745,825,1045,1225,1250,1140,955,720,590,565,485,450,4870,2770,2180,1860,14620,225,900,190,40,310,355,745,105,5,15,27,7000,4.856194,36.4241,22
Princess-Rosethorn,10,971668,410,1180,11,10.5,4,0,0,41,0,540,0,2465,0,66.97,72.66,0,24.34077079,6,189.8,0,169,0.220794818,0,0,0,2013219.194,74,367,791,971668,1226,299,0.570456219,5.2,11200,5470,5730,405,610,735,950,800,430,370,460,770,1045,1070,925,710,505,395,370,335,320,3560,1930,1745,1750,10965,325,465,245,70,145,110,110,65,20,35,25,2550,4.488839,39.1461,19
Eringate-Centennial-West Deane,11,423034,1540,3775,22.3,20.1,3,0,104,101,1497,17324,103,14062,3,64.08,67.08,3,36.25192012,10,173.9,100,313,2.891261519,0,151423.4,48397,2351731.69,229,172,775,423034,3472,775,0.690045759,8.6,18805,8985,9835,830,845,1085,1370,1180,940,855,920,1355,1635,1660,1360,1155,885,840,840,615,465,6165,3650,2755,2545,18310,575,640,395,60,480,325,470,220,65,155,43,1530,5.103427,34.764,12
Markland Wood,12,505350,2050,3935,47.5,37.7,4,0,0,70,0,430,0,3117,0,66.49,69.87,0,30.31709203,14,199.1,0,182,0.224255343,423.36,28665,441,1046837.578,106,105,783,505350,1494,239,0.630600016,2.9,10435,4860,5585,335,475,545,590,575,490,385,455,700,860,910,830,700,590,510,555,495,420,4110,2575,1355,1170,10145,225,210,180,25,145,180,130,80,15,15,13,4200,4.662156,37.7516,11
Etobicoke West Mall,13,298426,2160,5560,52.7,50.9,12,0,99,149,0,2456,174,302,1,58.38,64.42,0,42.27642276,10,196.3,320,93,0.147624711,0,0,0,444920.612,146,60,738,298426,4340,1091,0.757834126,1.7,10925,5100,5830,585,565,630,720,705,650,625,700,795,920,870,700,570,370,370,380,365,435,3170,1900,1775,1415,10170,275,140,205,135,180,200,415,315,150,195,25,60300,5.282766,31.287,3
Islington-City Centre West,14,491678,4085,8890,25.1,23.4,16,5.181818182,1245,489,0,42,100,3562,17,61.02,66.48,12,46.91358025,128,222.4,744,391,0.51025012,1822.49,1163882.03,895785,2980850.369,2263,204,755,491678,45794,2534,0.728864028,16.4,38070,18035,20055,1935,1590,1640,2015,2315,2935,3085,2835,2745,3020,2815,2535,2055,1525,1310,1235,1200,1260,11135,6555,5165,4315,36420,1060,1125,1315,250,820,790,970,705,205,355,153,360895,5.258512,33.6886,32
Kingsway South,15,941223,160,295,4.5,3.2,0,0,0,16,199,2984,311,9891,0,71.8,74.95,0,41.16094987,9,130.1,75,108,0.295550892,0,1004,470,1384810.86,195,115,793,941223,2335,74,0.381137151,2.6,9175,4330,4845,465,630,635,530,485,305,340,505,745,795,725,695,615,450,355,345,265,305,3010,1695,1720,1015,9065,100,220,65,40,95,60,100,55,5,5,59,4000,4.197114,38.1076,4
Stonegate-Queensway,16,690949,320,640,3.1,2.6,12,0,129,280,416,3008,126,10222,0,62.59,70.24,4,43.48823867,66,178.1,200,306,0.755267148,103.68,41707,17931,2514072.745,595,283,760,690949,5932,1593,0.641219817,7.9,24690,11935,12745,1395,1235,1265,1295,1190,1270,1575,1865,1990,2190,2120,1790,1515,940,830,755,635,825,7295,3985,3895,2465,23980,330,755,135,65,555,635,455,260,25,35,86,154935.6563,4.755226,37.1248,24
Mimico,17,429941,2430,3880,17.8,14.6,36,8.111111111,947,547,199,4712,23,3873,11,56.12,65.23,8,44.52626411,22,250.7,525,241,0.716898274,114.85,266439.9,96927,1058931.427,619,195,741,429941,11549,2634,0.63893581,6.9,26550,12925,13625,1275,875,820,975,1360,2095,2565,2355,2065,2345,2240,1965,1700,1290,970,690,550,415,7590,3935,2970,2345,25665,755,675,235,155,590,735,775,475,45,40,125,145616,5.036239,34.0997,6
New Toronto,18,460811,385,490,7.4,4.5,18,0.96,1189,389,120,2378,71,4640,7,52.45,64.08,10,46.07329843,14,333.6,1005,109,0.593630152,0,98637,34919,522508.4252,368,90,719,460811,5289,1600,0.558908268,3.5,10905,5300,5600,565,460,455,615,775,755,810,860,855,965,895,780,625,420,360,300,170,235,2910,1485,1495,1385,10455,155,75,115,20,145,160,240,295,30,35,142,149954,4.930158,34.5868,6
Long Branch,19,459088,690,1220,15.3,12.7,20,0,106,177,14,854,3,2159,0,49.9,62.88,2,43.03147078,4,300.8,170,92,0.323676887,0,3475.8,2405,750363.4083,170,54,724,459088,1143,1024,0.54824702,2.3,9630,4745,4890,480,420,425,480,650,630,660,725,760,940,875,730,630,390,285,195,190,155,2565,1205,1315,1145,9330,110,105,25,30,160,175,270,225,15,30,82,0,4.791108,35.5761,11
Alderwood,20,504233,350,630,7.5,5.3,2,2.5,84,69,145,1221,47,3994,0,57.97,66.16,1,40.2359882,13,271,75,192,0.292452196,107370,3099019,64042,1086909.783,309,120,764,504233,4839,516,0.606808002,5,11900,5765,6130,610,495,555,650,685,680,835,780,890,1055,1070,885,715,500,395,405,355,325,3600,1990,1660,1325,11565,180,590,40,20,425,190,160,260,15,10,32,25500,4.510898,38.2793,20
Humber Summit,21,354381,525,1935,13.8,15.4,7,0.444444444,124,204,964,1687,0,1884,3,62.53,60.81,2,56.83060109,14,234.1,1770,84,0.686271868,7785.9,24648447.6,521916,1017894.543,1373,53,715,354381,17950,1659,0.815468009,7.9,12530,6180,6340,720,730,855,880,860,775,780,830,865,970,715,630,620,580,635,575,330,145,3545,2270,2315,1745,12045,125,2220,15,105,130,15,650,85,130,1160,51,0,4.215487,29.1012,7
Humbermede,22,314721,1130,3305,22.1,20.9,16,0.166666667,218,424,2597,3901,21,3022,0,59.85,61.43,0,62.16450216,16,180.3,2715,80,0.918793036,13030.8,2206558.6,699603,1018657.518,374,55,695,314721,5799,2590,0.79021258,4.4,15850,7700,8150,1125,1030,1005,1100,1160,1120,1145,1100,1190,1205,1080,825,760,520,525,440,305,215,3590,2000,3175,2265,15040,275,1270,115,40,115,25,1585,330,225,1045,37,72545,5.124448,30.3587,4
Pelmo Park-Humberlea,23,412618,195,520,6.5,6,4,0.333333333,176,149,685,1038,0,239,2,61.2,62.94,1,49.46727549,4,210.9,0,89,0.636607684,21.35,6928.37,2735,1068349.305,152,0,735,412618,2855,798,0.701375163,4.2,8705,4200,4505,475,470,530,620,515,480,495,570,665,750,700,540,420,345,435,325,220,160,2465,1505,1475,1145,8380,170,1505,25,30,410,5,605,120,115,25,18,41215,4.712372,39.1851,2
Black Creek,24,235143,3960,10490,54.7,47.6,27,5.818181818,1432,829,3631,6093,3101,172,18,54.35,59.38,8,63.50817823,36,214.8,3610,82,0.410027147,0,14395.8,6055,742477.3148,306,175,661,235143,3856,6408,0.747526043,3.4,22060,10260,11795,1805,1720,1585,1675,1705,1630,1405,1395,1570,1540,1430,1095,920,760,665,515,340,280,4580,2570,5100,3390,20975,745,1050,25,95,120,105,1310,310,725,185,42,279719,5.456871,41.842,3
Glenfield-Jane Heights,25,304262,2985,8745,29.8,27.9,30,4.269230769,1587,949,4928,6448,3956,2333,16,60.44,61.63,10,55.82177385,93,225.9,5855,177,0.808033611,260,8434,860,1209851.201,587,173,678,304262,8323,7263,0.77360505,5.2,31395,14755,16635,2110,2135,2290,2445,2105,2050,1865,1905,2185,2285,2175,1640,1490,1220,1190,1110,765,435,7840,4735,6565,4545,30080,1445,3475,40,215,355,90,3695,485,485,125,56,337479,5.086977,38.3011,20
Downsview-Roding-CFB,26,400486,2685,6095,20.3,17.6,36,2.777777778,527,1060,2286,4136,1899,4603,3,60.39,63.3,58,58.01649567,88,227.1,4377,235,0.852075706,2169.2,427209.6,256337,2455776.666,985,238,692,400486,20150,5618,0.752538706,14.9,34650,16700,17965,2220,1905,1915,2050,2185,2490,2655,2380,2585,2795,2560,2020,1630,1285,1255,1195,890,615,8910,5240,6040,4250,33265,730,5040,80,205,835,180,3470,1565,200,130,88,294849,5.036294,32.3401,26
York University Heights,27,359372,4065,9845,39.4,35.5,43,2,511,727,1853,4529,601,3231,1,59.93,58.9,46,52.58659469,67,186.5,4065,167,0.887333748,205788.1,962405.5,203624,2067412.314,2643,156,698,359372,42885,4720,0.801404621,13.2,27715,13580,14125,1645,1385,1380,1750,3280,2815,2120,1800,1820,1940,1750,1335,1150,870,890,825,545,395,6010,3545,4405,5040,26340,1750,2280,265,370,285,430,1475,930,1175,580,203,86906.49219,5.313754,27.4232,13
Rustic,28,493442,1225,3355,33.7,33.7,9,3.117647059,1435,349,303,528,2876,2532,3,62.86,62.96,0,64.03162055,2,210.3,1182,56,0.19744749,0,0,0,550083.8931,48,26,692,493442,550,1924,0.712584247,2.1,9950,4475,5480,765,730,750,670,635,630,575,600,670,695,605,470,410,395,395,445,300,220,2630,1760,2235,1300,9625,140,1510,10,30,440,20,680,110,190,65,11,0,4.799548,38.1088,4
Maple Leaf,29,540741,725,2150,20.4,21.1,5,0,175,160,0,2,0,0,0,57.9,62.01,0,50.20576132,4,192.9,700,82,0.167833165,970.56,65715,1011,803509.8331,47,90,721,540741,737,919,0.776084272,2.5,10195,4935,5260,555,495,565,560,580,640,665,670,800,805,725,550,500,445,490,505,370,265,3100,2055,1640,1140,9605,100,2295,15,20,480,40,680,400,105,70,15,0,4.152809,40.1153,8
Brookhaven-Amesbury,30,352428,2935,7620,45.7,42.8,36,2.777777778,589,603,950,2822,40,2655,3,55.65,62.39,1,56.4206269,45,218.3,1030,113,0.405956959,1695.2,34254684.4,4409,834834.6989,466,54,687,352428,4825,3420,0.732061329,3.5,17785,8315,9470,1315,1110,1130,1230,1215,1360,1255,1140,1300,1420,1350,1000,770,545,515,450,370,305,3950,2195,3540,2460,16950,465,1210,30,55,985,45,1580,480,250,115,33,23200,5.337514,35.9503,4
Yorkdale-Glen Park,31,421045,1130,2730,21.6,18.6,6,7.7,798,292,58,1299,15,1399,0,60.88,63.93,9,44.03409091,46,212.3,1385,246,0.236609421,747.84,150769,82979,692811.6556,1468,82,729,421045,24685,1502,0.772607586,5.9,14685,6750,7940,640,690,815,835,845,890,895,860,1050,1085,1030,850,765,610,690,755,690,700,5070,3450,2140,1690,13685,640,2950,50,70,810,85,625,605,120,60,60,156665,4.82349,37.9178,13
Englemount-Lawrence,32,577889,1465,2785,18,12.6,9,2.210526316,1688,379,787,3368,2470,3829,6,60.03,63.4,2,62.99516908,8,230.5,2895,379,0.20662549,0,0,0,924958.528,175,105,730,577889,3495,2733,0.647173537,3.6,22080,9675,12415,1675,1530,1550,1500,1320,1315,1470,1450,1380,1370,1365,1160,955,715,655,665,715,1305,6170,4050,4765,2820,20580,285,545,65,155,335,600,630,1900,45,45,43,116955,5.041456,32.3684,13
Clanton Park,33,605585,390,755,7,5.2,6,1.363636364,549,256,0,85,0,338,1,60.71,65.88,23,49.40312213,48,183.6,0,126,0.097684055,318.72,21580,332,1017592.787,357,130,740,605585,5011,734,0.680043956,4.2,14610,6750,7865,950,760,870,880,835,890,1115,1150,1155,1220,1055,860,770,480,450,400,390,400,3730,2100,2575,1725,13985,250,775,115,60,120,585,365,1705,25,15,27,163435,4.876642,32.933,11
Bathurst Manor,34,568877,1230,2625,20.3,17,6,0.5,385,232,271,1274,0,1169,2,61.46,64.64,9,42.58484426,41,161.7,0,165,1.311810051,0.72,116138,54508,1807970.566,244,105,745,568877,3370,1018,0.768958389,4.8,15435,7380,8050,850,710,750,885,925,1000,1120,1030,1170,1220,1190,925,840,565,505,540,560,655,4570,2805,2315,1805,14755,340,870,240,200,210,1695,475,840,30,15,43,19074,4.790258,32.4815,20
Westminster-Branson,35,372380,6355,15251,63.2,59.9,15,4.2,530,1077,2542,6575,273,7368,1,59.75,62.28,1,38.19444444,5,187.5,0,159,0.958620906,161.28,10920,168,1381709.352,83,45,730,372380,3027,2906,0.815904177,3.7,25445,11700,13755,1245,1080,1210,1500,1685,1765,1715,1720,1800,1855,1970,1625,1580,950,1075,895,865,925,7905,4710,3525,3165,24250,480,110,680,555,55,7435,630,2165,70,75,42,189000,4.531544,26.9938,2
Newtonbrook West,36,557468,2610,6375,30.3,27.7,1,2,261,670,1036,3185,13,2991,0,60.78,61.49,10,37.66478343,55,154.1,650,210,0.16749045,19.2,1300,20,1473787.509,483,98,737,557468,9091,2124,0.863726623,4.7,23050,10890,12165,1045,820,990,1255,1775,1890,1660,1630,1665,1965,1910,1450,1320,910,840,765,595,595,6455,3700,2850,3045,21890,1660,645,2015,1820,95,3260,385,1815,45,125,67,165431,4.875923,31.9066,22
Willowdale West,37,541247,1070,1630,16,10.9,1,9.25,527,176,3145,3522,243,3078,0,65.83,65.32,17,42.27093873,31,180.2,0,179,0.145828928,0,0,0,1169622.482,363,248,766,541247,7110,515,0.802465231,2.9,15005,7085,7920,670,505,495,565,1140,1345,1310,1080,1010,980,1045,1030,860,675,640,600,545,505,4860,2970,1665,1700,14535,2020,365,1175,1280,75,975,235,235,40,50,57,4700,4.958528,37.0513,12
Lansing-Westgate,38,646460,880,1765,14.7,12.1,3,0,0,169,2306,4818,175,14606,0,65.57,69.03,5,49.19653894,37,147.4,276,156,0.983552249,0,15001411,86,2818530.253,488,75,758,646460,12254,468,0.673235447,5.4,14640,6950,7695,845,725,745,795,965,1185,1290,1170,1175,1150,1035,855,750,515,405,360,330,360,3565,1960,2300,1755,14285,995,165,580,630,90,770,320,460,15,45,65,23060,4.964076,36.0309,10
Bedford Park-Nortown,39,1191040,1120,1795,12.9,7.7,5,2,236,141,1772,2618,17,371,1,70.12,71.82,13,47.47663551,50,114.9,150,211,0.091683395,264.96,18009.2,314,2323264.953,676,60,776,1191040,8187,484,0.438565178,5.5,23185,10720,12470,1465,1620,1630,1695,1240,965,1180,1485,1730,1890,1805,1570,1310,930,750,685,625,625,6535,3650,4705,2930,22655,430,410,110,245,90,300,335,1010,5,15,135,61153,4.598896,34.6094,29
St.Andrew-Windfields,40,1363202,955,2195,14.8,12.2,3,0,0,133,0,2533,0,1866,0,71.59,68.61,0,26.54867257,34,147.1,60,206,0.541326375,0,1599,1599,3122841.342,591,124,774,1363202,13023,606,0.692811985,7.3,17955,8610,9345,690,880,1155,1480,1290,965,775,940,1425,1650,1475,1335,1180,885,660,450,415,270,5200,2690,2745,2780,17485,2605,170,805,865,70,290,330,265,75,85,40,114745,4.946863,30.7276,18
Bridle Path-Sunnybrook-York Mills,41,1849084,0,0,0,0,0,0,0,24,0,2109,0,963,0,70.44,71.44,2,25.87346553,8,108,50,85,1.732820954,0,16709.4,7653,5509235.049,58,0,788,1849084,11756,37,0.454934522,8.8,8715,4180,4530,285,480,645,765,595,315,270,335,565,810,765,715,645,470,340,265,235,200,2870,1515,1425,1360,8505,615,110,50,260,30,130,65,110,5,0,26,106500,4.537839,35.0177,10
Banbury-Don Mills,42,613647,2570,4755,21.8,17.7,13,1.142857143,304,279,2150,9186,0,3318,0,67.07,67.37,10,39.10582909,65,156.1,300,305,1.279334149,254,4797521,36229,4258009.808,834,255,776,613647,25614,1030,0.701282364,10,26910,12485,14430,1180,1205,1325,1440,1280,1420,1500,1705,2275,2305,1970,1635,1610,1280,1225,1140,1215,1235,9340,6095,3685,2705,25780,3355,140,510,875,110,305,360,515,145,220,100,358634,5.069054,36.8457,12
Victoria Village,43,365107,2345,5410,32.2,31.5,15,7.083333333,891,459,26,2836,2483,1546,2,60.88,62.32,2,53.1655225,9,240.2,725,156,0.682855326,10.56,51070.2,38841,1541958.559,431,134,730,365107,7035,2593,0.751125721,4.7,17180,7960,9230,1030,835,870,920,980,1170,1210,1175,1310,1360,1220,1030,915,720,720,655,535,530,5135,3195,2735,1910,16140,605,200,100,510,85,90,350,540,465,385,45,24340,5.357632,36.3495,13
Flemingdon Park,44,204104,5120,13890,63.7,62.7,16,13.6,717,1141,3209,5621,6804,492,5,54.31,56.89,4,55.54624197,8,199.4,5660,89,0.763803897,0,0,0,1007142.635,185,203,721,204104,5088,4348,0.877982435,2.5,22165,10615,11555,1555,1420,1480,1465,1620,1675,1615,1595,1630,1705,1500,1160,1055,820,695,555,370,245,4945,2710,4455,3085,20915,1235,30,235,1360,60,325,550,1100,1030,1635,56,195515,5.265965,34.1503,2
Parkwoods-Donalda,45,553698,5355,12920,40.7,37.3,63,0.875,786,712,583,5332,4,2201,4,61.64,65.5,1,42.63013699,32,196.8,2320,331,0.852834331,0,9486,1964,3066863.368,209,441,731,553698,2802,3664,0.720621189,7.5,34620,16380,18230,2040,1920,2140,2350,2360,2255,2325,2440,2650,2935,2615,2040,1680,1320,1125,1015,845,580,8605,4880,6110,4720,33350,2255,290,535,1150,140,490,1095,965,475,610,52,0,5.420609,37.5207,10
Pleasant View,46,463859,1250,3095,22.6,19.2,9,0,0,205,1659,4405,0,2928,0,68.93,64.32,0,37.01996928,11,132,0,301,0.155828919,0,0,0,840921.3955,124,90,767,463859,1162,791,0.852900002,3,16145,7775,8360,740,705,825,950,1060,1090,855,1080,1385,1365,1200,1030,985,825,785,610,400,235,4875,2875,2275,2010,15555,5040,675,165,505,115,125,190,250,190,170,26,10000,4.54848,34.1945,15
Don Valley Village,47,478489,4345,10870,44.6,40.7,16,0.25,156,572,2625,6984,0,5761,4,64.43,64.27,0,44.13729555,58,146.1,1385,307,0.2393423,0,0,0,1379175.085,373,229,756,478489,5640,2137,0.86426814,4.1,26735,12670,14060,1505,1365,1290,1580,1795,1805,1935,2200,2295,2155,1790,1500,1410,1130,1020,850,610,530,7025,4125,4165,3370,25480,6655,95,615,1885,65,585,620,905,345,320,46,182483,5.01032,30.5458,8
Hillcrest Village,48,484743,1500,2690,22.9,15.2,0,6.875,1028,252,409,2319,88,1007,9,69.6,61.75,15,25.68008705,19,126.9,0,356,0.386535486,35.52,251002,246384,1554513.434,424,180,775,484743,11806,694,0.844524361,5.3,17650,8240,9430,555,690,855,1175,1305,955,745,950,1385,1475,1260,1250,1235,975,920,825,615,495,6310,3830,2090,2475,17195,7580,50,440,670,35,200,210,125,130,135,68,42980,4.253976,29.6446,24
Bayview Woods-Steeles,49,784397,1350,2775,28.6,20.5,2,6.333333333,170,181,721,1818,36,9697,4,70.49,64.21,1,21.72284644,10,171.5,380,237,0.910849666,0,0,0,1873417.781,93,180,777,784397,2207,666,0.816541785,4.1,13535,6260,7275,420,545,675,945,945,760,490,625,910,1075,1015,920,1000,745,745,605,490,615,5135,3230,1650,1880,12870,3695,175,745,795,55,255,155,80,75,60,53,0,4.492105,30.7914,13
Newtonbrook East,50,626626,485,1015,7.8,6.2,1,2.6,300,256,243,1627,19,1064,0,63.89,61.09,14,30.12820513,50,173.1,28,181,0.180901122,130.56,28254.8,6461,1563158.503,400,30,757,626626,4357,685,0.855223854,4.1,16425,7805,8620,585,525,635,830,1360,1525,1250,1040,1085,1195,1240,1105,1060,725,650,555,530,565,5160,3015,1730,2195,15545,3950,405,1770,2045,70,335,150,230,40,50,57,82593,4.511325,29.3582,17
Willowdale East,51,540911,1745,3695,8.9,8.2,3,2,208,424,985,3409,39,4706,5,63.79,60.85,23,36.19265472,64,147.4,0,344,0.158443044,0,542,542,1884788.953,849,209,759,540911,16026,1189,0.856126209,5,45025,21365,23690,2010,1475,1520,2375,4095,5120,4715,3705,3410,3400,3190,2745,2210,1490,1195,890,740,715,9995,5030,4995,6495,43655,12225,360,4480,4940,220,1290,755,380,140,260,135,547629,4.484754,27.4662,20
Bayview Village,52,533089,885,2120,11.9,12,4,3,122,178,0,2384,0,0,2,68.01,65.4,2,31.40877598,128,117.1,0,183,1.121266472,0,0,0,2397850.774,460,60,768,533089,9377,626,0.80702336,5.2,17675,8245,9420,665,620,765,955,1190,1675,1415,1345,1335,1310,1240,1135,1050,765,680,530,490,525,5170,2995,2040,2130,17075,3800,110,1000,1525,105,265,295,290,75,85,59,26300,4.681225,33.5428,15
Henry Farm,53,372110,2200,6215,53.5,54.8,8,0,0,359,0,1566,0,379,0,61.6,63.13,2,47.87339268,77,150.1,0,80,0.212016651,0,931,931,685339.2263,717,105,736,372110,18728,1502,0.857459432,2.6,11340,5405,5935,780,745,660,660,835,995,1010,1025,920,865,710,580,465,330,275,230,150,110,2155,1105,2180,1485,10705,1655,35,200,805,35,210,220,520,195,380,31,38270,5.02249,34.4285,4
O'Connor-Parkview,54,538203,1655,3800,22.4,20.7,21,2.294117647,693,516,80,391,29,1205,0,62.87,64.78,5,49.09222948,18,230.3,1250,219,1.071735422,1326.36,118050.2,18416,2038276.859,346,75,725,538203,4677,2984,0.585864484,4.9,18315,8705,9610,1080,1050,1055,1165,1145,1080,1160,1175,1475,1595,1580,1260,980,710,565,465,400,375,4780,2535,3190,2325,17775,435,255,60,280,100,110,295,565,270,375,92,154014.0781,4.917806,42.511,12
Thorncliffe Park,55,313618,5110,14785,76.1,76.9,11,1.444444444,551,1105,686,2490,109,884,0,49.73,54.51,7,87.64769066,18,211.2,1450,19,0.596240135,422.7,297984.76,139415,745856.3539,449,21,724,313618,9847,3818,0.83828852,3.1,19225,9275,9965,2050,1675,1340,1120,1085,1505,1600,1680,1540,1190,990,800,705,520,455,380,280,325,3485,1985,5070,2220,18150,215,30,75,960,45,105,385,780,245,4855,57,118631.3516,4.699943,43.4614,5
Leaside-Bennington,56,1071823,290,485,4.4,2.9,5,0,89,58,861,4619,21,4902,0,67.52,74.51,0,42.12314225,10,147.4,0,220,0.797010748,163.2,11162,282,2166689.571,313,274,791,1071823,2901,239,0.299546269,4.8,17010,8170,8855,980,1250,1185,1150,880,560,670,1075,1525,1535,1465,1115,925,725,465,400,385,690,4700,2665,3420,2025,16460,340,150,85,95,70,80,160,100,10,15,86,15395,4.256323,49.1137,18
Broadview North,57,518555,2855,5570,50.9,48.2,9,1.2,238,326,0,1,0,0,0,59.24,64.02,13,46.32426989,10,226.9,421,85,0.399753886,0,0,0,664464.2361,129,57,728,518555,1286,1306,0.695815386,1.7,11565,5440,6120,665,490,430,495,640,920,1025,1050,1050,995,830,730,690,455,375,305,250,180,2970,1545,1590,1135,11080,415,95,50,65,60,120,250,315,70,50,59,84205.64844,5.053267,39.002,3
Old East York,58,581398,390,720,10.1,7.9,4,0.5,78,113,136,307,91,4992,0,61.88,67.94,3,40.14336918,3,233.3,610,127,0.293560692,0,0,0,719730.3848,134,88,756,581398,1017,569,0.559600088,2.3,9115,4435,4690,460,470,435,440,475,500,600,660,745,905,760,670,600,360,330,290,210,215,2680,1410,1365,910,8795,345,185,35,35,50,35,90,220,5,60,91,0,4.612934,38.4143,0
Danforth-East York,59,518568,525,945,7.6,5.7,8,11.5,287,231,0,339,73,288,0,62.77,69.92,5,49.86757473,33,220.3,0,262,0.070298427,137.28,9295,143,409082.5071,167,214,763,518568,3715,1049,0.592479488,2.2,16710,7985,8725,1085,795,720,750,795,955,1495,1500,1440,1425,1245,1140,990,650,550,475,405,290,4480,2355,2610,1545,16195,1095,490,60,75,120,90,215,260,30,175,66,95990,4.774311,40.0439,3
Woodbine-Lumsden,60,440700,530,820,15.2,10.5,5,11,201,134,235,5162,110,3042,0,59.48,66.49,1,40.97859327,1,260.5,261,122,0.098423722,0,0,0,320284.0376,56,95,748,440700,558,582,0.492190963,1.2,7825,3745,4080,420,345,310,360,405,470,640,645,670,735,700,590,470,305,285,205,170,90,2130,1065,1060,770,7600,580,125,25,20,55,35,105,170,0,40,11,7000,4.545929,37.3999,1
Taylor-Massey,61,254151,4435,10710,70.5,68.7,11,3.333333333,353,919,430,1754,1775,103,1,58.04,58.35,5,65.09248327,9,272.2,1890,81,0.198037905,0,48.4,22,328675.3563,157,60,721,254151,1399,2635,0.772955853,1.1,15595,7665,7920,1195,1000,835,760,1000,1245,1295,1435,1350,1235,1085,900,635,415,375,315,260,235,3140,1615,3040,1765,14800,580,45,90,180,60,110,185,355,260,675,37,422335.6563,5.079342,36.5922,0
East End-Danforth,62,535867,1505,2600,16.5,12.5,14,0.90625,1000,599,162,847,9,8000,3,60.69,67.34,14,44.74074074,46,330.7,60,284,0.126726419,0,0,0,782726.8386,516,330,741,535867,3636,1901,0.432606741,2.6,20840,9985,10865,1320,1145,1070,1135,1095,1330,1580,1875,1875,1930,1695,1405,1195,720,495,375,315,295,4815,2215,3525,2235,20075,940,205,90,100,135,75,270,375,45,350,213,58834.71875,4.681753,38.6117,1
The Beaches,63,751945,150,220,1.6,1,17,0.333333333,193,143,233,4143,503,5921,0,64.61,73.55,5,41.24742571,24,221.2,0,323,0.614909147,175.68,152295,58703,1416720.313,531,167,764,751945,5694,672,0.245249178,3.6,21135,10040,11100,1265,1275,1145,1045,1080,1120,1460,1745,1990,1990,1740,1615,1325,900,505,390,270,245,5255,2320,3695,2120,20820,245,175,45,40,75,85,180,85,25,10,275,0,4.246457,38.6814,2
Woodbine Corridor,64,521549,200,405,3.8,3.5,7,0.703703704,841,242,30,244,5,2273,4,61.21,71.37,2,53.83838384,11,323.1,975,214,0.104449371,0,5000000,1,669942.2878,146,214,749,521549,1896,906,0.401583171,1.6,11705,5640,6070,890,595,550,525,590,675,995,1230,1125,1150,935,795,590,345,235,210,170,85,2405,1030,2055,1120,11410,615,120,45,25,75,35,135,70,25,85,80,54630,4.696706,40.0025,2
Greenwood-Coxwell,65,490920,365,625,6.1,4.4,7,0.96969697,919,385,136,532,0,2772,3,57.98,65.02,11,45.44734759,23,308.8,2030,249,0.087044064,0,1358,1358,530193.1089,315,94,738,490920,2342,1762,0.56769881,1.7,14075,6885,7195,975,595,590,655,835,980,1295,1420,1200,1200,1125,980,660,460,400,310,240,185,3210,1585,2160,1480,13660,1910,155,35,35,70,20,210,115,55,400,142,16160,4.632516,34.5637,2
Danforth,66,585093,360,405,9.2,4.3,2,8.75,715,153,0,0,0,2969,0,58.84,67.2,3,46.33204633,53,276,320,140,0.001837121,0,0,0,282212.74,414,152,755,585093,2786,626,0.569736679,1.1,9450,4605,4845,635,505,400,445,565,640,780,825,725,740,705,600,510,410,325,270,190,175,2465,1355,1555,1010,9165,625,525,45,20,70,25,100,65,10,105,183,111394,4.698348,39.0049,2
Playter Estates-Danforth,67,842668,720,965,20.3,12.6,2,2.6,192,103,0,1,0,0,2,67.11,72.07,13,34.48806774,37,206.1,0,78,0.059229148,487.68,33020,508,313433.735,301,162,757,842668,2243,288,0.442350904,0.9,7655,3760,3890,355,420,365,355,375,600,630,590,680,640,600,525,470,320,220,175,140,200,2045,1065,1135,725,7345,205,95,30,40,35,40,140,60,10,15,125,58720,4.50882,44.258,1
North Riverdale,68,818592,590,805,11.5,6.6,4,0,163,161,18,1362,38,3975,2,63.38,71.11,31,38.91402715,31,274.5,753,151,0.32216634,0,0,0,596433.9365,327,233,767,818592,4033,503,0.449889201,1.8,12195,5965,6220,670,630,595,610,610,795,905,1045,1040,1235,1065,820,730,480,370,265,185,160,2995,1455,1885,1200,11820,1180,130,25,10,45,55,140,60,5,30,33,22200,4.532417,41.5651,1
Blake-Jones,69,571246,300,620,9.4,8,4,2.875,658,204,0,116,0,0,2,57.35,66.87,15,48.83895131,12,288,933,119,0.017038934,0,850,850,244636.6881,133,30,739,571246,1789,1021,0.576802592,0.9,7765,3815,3945,520,400,440,440,505,575,640,660,650,655,635,435,380,250,205,135,145,80,1615,790,1370,950,7495,830,70,20,50,55,20,85,55,30,90,18,476224.0313,4.821722,36.9598,1
South Riverdale,70,537087,215,380,2,1.5,7,2.375,1313,836,881,6168,4988,4646,3,53.75,64.22,23,49.55539534,36,282.8,2152,388,2.776069153,553.85,2172613.3,347833,1556802.282,1197,224,746,537087,12378,2695,0.603981615,9.6,25640,12885,12775,1510,980,945,1165,1560,2085,2560,2650,2365,2310,1940,1505,1280,790,620,575,445,350,5590,2810,3455,2710,24595,5850,120,70,80,250,70,270,250,25,75,135,368529,4.533352,35.0799,18
Cabbagetown-South St.James Town,71,537025,2480,3800,37.4,31.5,11,2.551724138,1434,358,45,705,54,1150,0,57.32,63.39,9,26.59033079,18,394.1,1840,102,0.246257383,227.52,20015405,241,627970.2393,290,0,744,537025,2513,986,0.490475707,1.4,12050,6670,5385,355,240,275,335,755,1115,1130,985,1015,1250,1035,870,855,615,445,305,265,200,3550,1815,880,1085,11345,530,90,105,50,85,160,305,260,60,35,200,615203.5,4.699411,47.0053,0
Regent Park,72,484444,1190,2655,30.9,26.5,4,7.25,2591,650,364,434,828,0,13,53.38,55.03,1,52.11505922,1,391,930,25,0.014814295,0,0,0,122445.1066,143,30,701,484444,1931,2491,0.792616847,0.6,10010,5370,4635,620,660,755,770,850,845,830,775,870,865,720,520,370,210,140,110,65,40,1460,565,2025,1615,8955,1130,30,35,45,65,35,190,95,520,125,92,385816.6875,5.084042,48.4002,3
Moss Park,73,457524,2375,3435,26.3,21.1,14,3.542372881,3133,1573,3,843,1683,60,19,54.91,60.33,7,37.83560512,19,614.6,2443,70,0.098698665,0,8732,3692,212564.1373,841,110,709,457524,12051,3510,0.573821946,1.4,16310,9460,6850,590,370,330,480,1270,1990,1975,1645,1475,1465,1340,1135,860,570,355,215,130,115,3395,1395,1275,1750,14645,750,90,90,130,105,185,320,180,90,90,557,1436781.875,5.116499,33.8134,6
North St.James Town,74,489366,6660,13070,72.4,73.3,35,15,1715,1127,0,4,2538,103,6,50.98,50.74,6,42.97466272,74,324,614,14,0.025782697,0,0,0,61616.24497,243,55,705,489366,6705,2681,0.806518762,0.4,17825,9260,8575,920,745,645,680,1720,2295,1990,1530,1500,1495,1240,895,770,445,330,270,175,190,3060,1385,2315,2400,16865,1035,50,325,265,135,305,550,1560,915,340,84,246976.3438,5.374177,37.4289,0
Church-Yonge Corridor,75,410703,7855,11380,43.1,40.1,19,1.235294118,3653,1022,0,142,0,0,8,59.46,60.64,57,23.09250506,89,354.6,364,144,0.061520785,42.24,4397.6,1092,118541.4243,2443,45,736,410703,54044,3090,0.595594896,1.4,28345,15685,12660,590,270,245,835,3650,5000,3795,2525,2175,2105,1830,1495,1230,905,650,465,345,205,5325,2580,1120,4475,27115,2145,220,495,345,235,540,815,370,85,160,1204,3252344.5,5.066421,28.3497,10
Bay Street Corridor,76,457787,3650,6670,32,34.5,6,0.2,521,271,0,91,0,0,5,58.94,55.13,87,36.96248856,187,262.7,225,114,0.144315022,0,322498.4,135026,139974.8607,4324,30,755,457787,185891,678,0.752553801,1.8,19345,9315,10030,795,345,235,665,3075,3695,2760,1535,1055,995,850,785,750,530,460,320,285,210,3375,1840,1370,3745,18720,3220,155,815,495,165,265,390,175,70,220,1411,2297121,5.174795,21.047,8
Waterfront Communities-The Island,77,416759,3310,5340,12.3,12.3,15,0.701754386,3990,672,181,1558,375,3104,9,61.7,65.89,44,39.35372187,40,203,1423,187,2.567218437,63.1,260967.8,92338,1379860.875,2899,130,748,416759,88058,2864,0.58757678,7.6,43365,21735,21630,1290,560,560,815,3870,9410,7865,4775,2940,2375,2185,1845,1610,1185,810,595,380,275,6670,3215,2405,4695,41720,3730,365,615,640,350,645,1010,475,120,290,1798,7312438,5.151933,45.563,14
Kensington-Chinatown,78,477989,2770,4195,32.1,22.7,5,0.710280374,2597,781,0,96,1971,67,9,55.39,57.81,80,31.51750973,82,218.7,1642,87,0.066166444,0,1648,1156,186615.1575,1883,247,728,477989,37205,2523,0.753034223,1.5,18500,9125,9365,570,435,515,960,2680,2610,1770,1250,1145,1230,1135,865,755,525,560,605,450,445,4175,2570,1530,3645,17685,6070,65,180,125,340,95,325,190,15,60,1178,2398500.75,4.604016,34.5843,1
University,79,773920,490,730,14.9,9.4,1,2,359,140,0,4,0,0,3,57.79,60.54,49,28.92018779,59,256.7,1748,46,0.005829924,26415.68,2555056.6,27906,237726.2955,483,15,748,773920,10967,259,0.615891901,1.4,7790,3810,3985,185,165,125,320,1370,1200,745,510,425,445,375,365,365,275,230,240,180,300,1920,1185,490,1670,7175,925,95,175,45,330,60,160,40,20,20,691,578422.4375,4.741803,24.7327,3
Palmerston-Little Italy,80,781568,175,220,2.8,1.6,1,6,262,170,79,419,4,2577,0,61.76,64.73,4,25.82375479,57,209.5,990,130,0.03884142,0,0,0,291292.5258,521,159,742,781568,3262,665,0.572853477,1.4,13735,6830,6920,475,390,360,390,1370,2275,1640,1135,1045,815,735,660,595,525,460,385,300,210,3140,1890,1200,1755,13380,895,815,125,40,1195,55,375,55,0,35,464,266919.5,4.922344,36.4518,3
Trinity-Bellwoods,81,723909,0,0,0,0,1,0.333333333,42,261,491,1534,0,5966,6,58.03,63.44,7,34.94060098,34,192.5,945,157,0.17939058,0,558,558,239145.5294,715,332,742,723909,5380,1415,0.705007689,1.7,16805,8310,8485,705,525,495,545,1370,2240,1835,1440,1310,1305,985,850,770,580,590,565,390,275,4030,2400,1730,1910,16080,3115,540,30,30,2885,30,190,60,5,15,593,712631.625,4.395302,30.9212,4
Niagara,82,398281,1305,2115,10.3,10.1,10,1.631578947,2052,334,0,1650,0,0,0,58.6,67,68,36.54694392,15,258.8,455,115,0.361737869,0,18111.8,4819,282844.0009,591,65,747,398281,15621,1246,0.499369006,3.1,21000,10320,10685,725,350,285,365,1400,4120,4505,2800,1725,1275,980,805,620,420,255,205,105,50,2455,1025,1380,1765,20125,1035,215,165,160,725,195,565,230,25,60,440,1209299.875,5.064208,34.1422,1
Dufferin Grove,83,502736,790,1495,15.4,13.1,4,0,41,291,0,441,0,0,0,58.37,61.98,13,37.26346434,8,191.8,1161,108,0.078001154,0,30993,6067,250633.6213,375,80,721,502736,4072,1303,0.707595257,1.4,11450,5685,5760,510,415,370,410,845,1475,1335,1025,920,775,785,615,560,425,350,290,180,155,2550,1380,1310,1260,11115,690,215,180,15,1955,70,550,110,65,80,176,449980,4.996398,32.3442,1
Little Portugal,84,514960,375,620,7.1,5.1,6,3.166666667,386,239,259,394,2,4202,3,59.46,62,6,37.22812342,18,272.9,547,106,0.016534602,0,17357,4259,115638.8164,344,55,727,514960,2597,983,0.658093905,1.2,12055,5910,6150,450,405,375,425,805,1485,1370,1105,935,840,750,615,610,475,470,405,290,240,3140,1910,1230,1245,11680,945,170,35,30,3085,45,260,65,10,5,229,105075,4.3379,31.0218,3
South Parkdale,85,500054,5130,10080,48.4,47.4,21,1.214285714,1545,1194,3171,5136,3388,336,17,48.6,56.51,9,40.78692158,14,424.9,1723,61,0.45833344,0,44369.2,43033,364045.7564,564,70,695,500054,7617,4473,0.703912878,2.3,21245,10810,10435,980,785,800,910,1500,2395,2400,2075,1760,1545,1580,1215,1075,715,535,400,290,285,4495,2195,2565,2415,19440,505,85,80,105,300,165,535,820,380,60,316,490933.9375,5.434838,38.0424,5
Roncesvalles,86,581425,1160,2530,17.1,16.8,6,7,501,409,898,1478,819,3781,5,52.96,65.25,7,41.9379845,61,281,1340,177,0.039249551,149.76,10140,156,317461.8945,540,150,741,581425,2885,2268,0.593308877,1.5,15050,7430,7620,970,815,700,555,780,1290,1540,1515,1460,1250,1055,825,670,465,395,325,235,200,3105,1610,2460,1340,14620,555,115,65,20,505,90,200,145,160,35,358,87060,5.011874,40.1122,0
High Park-Swansea,87,622206,1230,2165,12.4,10,2,5.714285714,473,227,155,5276,51,4218,2,63.61,70.85,1,41.86915888,87,187.7,0,252,1.832356973,0,0,0,2750624.56,448,229,770,622206,6594,1680,0.538544589,5.3,21750,10030,11720,1235,1100,935,870,1030,1655,1895,1880,1865,1705,1575,1370,1235,885,655,560,565,730,6000,3380,3255,1910,20850,320,210,130,90,210,385,355,120,5,30,245,133221.3594,4.861611,44.7865,5
High Park North,88,609689,5060,8530,47.7,40,7,2.2,661,369,42,1551,86,5455,1,55.93,67.42,2,38.77179287,27,192.5,35,174,0.058883025,0,0,0,716638.9917,254,241,759,609689,2577,1054,0.646882074,1.9,21300,10100,11190,1100,805,750,785,1330,2380,2250,1975,1755,1595,1475,1365,1155,735,505,450,385,470,5085,2565,2645,2120,20700,590,195,420,165,325,930,605,170,75,45,171,170605.6563,5.075945,41.8664,1
Runnymede-Bloor West Village,89,666204,0,0,0,0,1,0,6,46,0,7,0,2746,0,62.76,73.77,2,52.36220472,24,224.1,360,175,0.012453777,0.02,4748.4,1363,530461.1918,334,220,777,666204,2421,251,0.466757723,1.6,9635,4565,5065,735,600,490,495,470,470,730,910,875,845,755,630,535,310,215,190,190,165,2250,1085,1825,970,9420,190,165,40,15,115,50,140,70,5,10,85,12920,4.720005,43.0176,0
Junction Area,90,532997,20,25,0.3,0,11,4.333333333,59,343,0,577,0,0,0,54.95,64.68,1,47.77921518,9,257.1,80,178,0.09520802,1628.64,184373.2,109791,477509.2854,631,30,733,532997,6528,1155,0.609884639,2.6,14015,6820,7210,775,625,615,785,900,1275,1390,1285,1200,1195,1100,890,670,430,305,230,195,160,2880,1320,2025,1680,13355,565,175,65,25,780,105,500,290,25,35,268,16100,5.118478,37.1691,1
Weston-Pellam Park,91,382119,385,460,8.8,3.8,6,5.272727273,695,332,0,152,0,0,6,56.66,61.93,0,45.95274007,6,236.7,1638,97,0.036219298,0,123,123,160318.6378,178,84,698,382119,1214,1754,0.739573478,1.5,12015,6015,5990,660,655,715,825,815,965,955,915,925,1020,935,765,610,380,275,260,200,135,2630,1250,2035,1645,11475,310,665,15,10,2770,25,860,130,30,20,53,265299.1563,4.626214,36.0791,4
Corso Italia-Davenport,92,502819,0,0,0,0,5,0.222222222,93,263,218,1689,0,6245,0,60.99,64.17,2,41.79620035,52,174.2,960,173,0.126546218,0,0,0,336321.8106,420,105,708,502819,2111,1294,0.73469712,1.9,13735,6710,7035,705,620,625,840,950,1155,1185,1015,1015,1135,1060,865,640,480,470,405,345,210,3425,1925,1965,1800,13180,295,1855,25,15,3035,20,1040,190,10,20,214,179895,4.425372,36.7577,3
Dovercourt-Wallace Emerson-Juncti,93,512789,560,960,4,2.8,16,1.15,1375,955,175,1993,40,4826,10,58.41,62.86,22,42.56825076,27,216.4,1934,380,0.236699059,1.4,25424,10190,409561.3,890,179,719,512789,5077,3563,0.719049512,3.7,34635,17225,17415,1670,1345,1430,1720,2635,3770,3495,3080,2650,2675,2425,1920,1595,1235,1070,870,610,445,7750,4250,4455,4355,33270,2255,1260,230,70,6535,160,1395,345,285,145,398,742066.125,4.98361,33.948,8
Wychwood,94,656868,785,1210,14.2,8.7,4,1.346153846,1154,331,0,1043,0,0,6,61.35,67.12,7,38.85088919,35,207.6,130,162,0.064319715,0,5104.4,4502,455742.7193,379,84,745,656868,5143,911,0.601919111,1.7,13985,6460,7525,730,610,540,650,870,1010,1085,995,1100,1000,875,860,755,580,510,535,500,770,4525,2915,1885,1515,12855,630,555,105,50,795,85,540,205,15,0,252,380650,5.14814,44.1965,3
Annex,95,993491,5005,6945,32.2,23.8,6,2,779,464,0,353,0,168,6,61.06,65.1,35,25.44437787,198,231,430,235,0.11249685,53.76,3772,188,789795.1516,2328,201,755,993491,25719,1150,0.488581691,2.8,29180,13745,15415,865,695,635,870,3045,4190,2995,2085,1900,1860,1715,1680,1805,1385,1100,840,685,795,8305,4805,2195,3895,27380,1370,520,375,270,355,315,555,135,30,90,945,1753400,4.951476,37.4325,11
Casa Loma,96,1083381,1895,3035,35.6,28.9,4,0,101,87,0,2540,25,3883,0,68.88,68.26,5,29.78723404,77,166.5,0,80,0.173001423,75.84,5631,575,893260.9166,258,142,771,1083381,3283,189,0.402803118,1.9,10485,4885,5600,375,375,405,405,655,1070,820,665,700,745,680,765,830,615,455,330,305,275,3595,1995,1160,1065,10255,255,125,35,50,70,140,220,145,5,10,89,217430,4.731636,38.1693,3
Yonge-St.Clair,97,995616,2655,3940,39.2,33.8,4,0,0,74,0,2531,0,0,0,70.1,71.8,14,29.69885774,56,142,0,74,0.02470925,0,0,0,428626.4357,468,20,771,995616,7858,283,0.395199103,1.2,11655,5235,6420,395,345,235,285,645,1355,1125,900,860,755,715,760,820,755,525,445,365,395,4075,2505,985,925,11445,250,120,55,120,55,180,230,95,10,10,101,40040,4.579535,39.3099,0
Rosedale-Moore Park,98,1265389,3170,4735,31.6,22.9,9,1.333333333,573,186,0,3611,0,0,0,67.82,71.59,19,27.99736495,40,133.7,0,170,0.793670753,0,0,0,2557866.411,683,162,777,1265389,19160,499,0.369962628,4.6,20635,9410,11220,690,875,925,1065,1195,1405,1150,1125,1420,1560,1605,1565,1555,1370,980,825,710,640,7640,4525,2495,2250,20250,515,160,150,180,80,185,310,185,5,40,234,110260,4.497581,38.2953,8
Mount Pleasant East,99,815247,1555,2280,21.1,14.3,5,6.333333333,333,101,0,147,0,1603,2,68.05,75.37,55,50.53892216,47,170.3,15,213,0.087790047,0,10000976.8,446,1407432.303,463,82,777,815247,4741,288,0.405103095,3.1,15980,7415,8565,1110,910,775,690,785,1040,1250,1405,1430,1355,1135,1040,955,700,490,375,265,275,4110,2105,2790,1445,15690,380,125,105,150,75,180,215,135,20,20,161,20774,4.528641,40.1053,1
Yonge-Eglinton,100,975449,1275,1740,24.5,16.4,4,0,149,76,881,2046,26,6122,0,66.34,73.88,9,42.58962012,62,160.6,280,130,0.127074744,0,0,0,581770.2508,690,45,759,975449,11746,189,0.395542599,1.6,10580,5045,5530,620,530,400,445,675,1080,1055,885,850,740,625,735,655,470,255,240,160,165,2670,1285,1545,1110,10380,280,100,145,60,45,85,235,115,10,10,190,289475.375,4.521739,37.9066,2
Forest Hill South,101,1585984,1380,1990,28.8,18.2,3,0,233,55,0,1,0,0,0,71.33,71.29,3,28.93309222,25,150.5,0,92,0.120135194,663.36,44915,691,1122215.131,175,30,775,1585984,1945,134,0.360459075,2.5,10925,4980,5950,365,425,530,760,820,810,665,585,645,780,820,820,755,580,445,365,355,405,3730,2155,1320,1590,10520,180,95,30,65,40,120,155,245,0,0,60,12165.49023,4.591483,33.91,5
Forest Hill North,102,957688,2990,5960,55.9,47.8,10,2.4,325,185,0,355,0,0,2,67.09,70.29,3,40.42950514,12,152.1,0,91,0.108893972,48.96,3363.4,73,601604.5268,144,110,749,957688,897,633,0.598462442,1.6,12475,5585,6895,695,690,625,745,780,855,915,975,1020,960,950,805,765,470,350,285,245,340,3270,1700,2015,1530,12155,225,145,85,65,85,485,475,750,5,20,72,0,4.825068,35.714,3
Lawrence Park South,103,1215390,290,455,5.1,3,1,1.4,113,80,0,2337,0,0,0,72.6,77.01,0,39.46459413,7,128.4,0,176,0.193230593,0.02,16,1,1808680.345,167,140,784,1215390,1634,240,0.302540626,3.2,15075,7170,7895,780,1045,1070,1170,1020,790,715,915,1145,1280,1255,1130,925,660,385,285,280,185,3825,1780,2895,2210,14855,270,155,95,90,35,110,170,205,5,5,99,111080,4.355668,37.6312,3
Mount Pleasant West,104,520032,8410,12910,47.9,45.2,11,1.310344828,1443,449,0,1703,0,0,13,61.25,67.72,21,24.55706634,135,191.6,333,99,0.047800447,238.08,16120,248,327893.457,1129,255,753,520032,13311,1343,0.596975983,1.3,28590,12895,15700,855,550,585,730,1965,4755,4125,2765,2125,1940,1640,1410,1305,1015,840,615,545,815,6540,3825,2000,2715,27655,1080,225,610,990,260,740,900,495,85,70,248,191581.4063,5.086278,36.9905,4
Lawrence Park North,105,980831,0,20,0,0,0,2,110,54,0,1448,0,1811,1,68.7,76.86,8,63.34716459,54,175.7,0,245,0.040585045,193.92,13130,202,1126524.597,381,212,790,980831,3624,166,0.332256057,2.3,14540,6915,7625,1205,1170,965,840,660,525,820,1265,1425,1245,1095,855,795,530,355,285,260,270,3330,1690,3320,1505,14205,355,180,165,90,60,135,140,145,10,15,93,33907,4.424805,41.0962,3
Humewood-Cedarvale,106,800442,1410,2390,21.4,16.9,8,0.375,445,247,0,1215,3,796,4,63.49,69.42,1,40.07662835,10,157.8,100,124,0.223360898,0,0,0,689493.7412,139,108,747,800442,1345,698,0.519463521,1.9,14110,6440,7670,785,670,600,635,1095,1435,1315,1195,1105,1055,970,875,765,525,380,260,235,205,3230,1590,2055,1730,13680,220,350,120,50,255,140,605,780,15,20,74,13905,5.024598,44.6269,2
Oakwood Village,107,482040,1170,2110,13.7,10,9,2.75,966,578,0,3,0,4027,3,59.48,62.36,20,49.22173275,9,229,1443,194,0.049076804,0,0,0,332628.152,255,168,713,482040,1573,2412,0.710655156,2.2,21075,10005,11070,1125,985,1030,1080,1275,1500,1630,1680,1700,1620,1525,1315,1155,945,820,705,510,450,5925,3440,3130,2355,20205,570,1810,110,40,1970,165,1405,1070,25,35,141,156617.4063,5.12517,36.0092,0
Briar Hill-Belgravia,108,373937,2105,4540,36.3,31.8,9,2.666666667,328,309,0,286,0,0,1,59.82,60.08,16,44.25216316,30,182.2,190,101,0.079464109,0.01,4517.7,2611,169474.2495,477,25,719,373937,3446,1432,0.811962441,1.8,14295,6590,7720,695,605,715,770,890,1075,1180,1115,1175,1290,1190,925,790,470,465,370,320,245,3580,1870,2010,1665,13680,345,1020,65,40,1100,600,800,1190,80,25,109,90130,5.31869,30.8211,2
Caledonia-Fairbank,109,400532,75,235,2.1,2.4,4,0,16,164,1575,97,0,0,0,59.85,62.95,2,44.75853946,1,233.8,1010,104,0.029773559,0,0,0,325125.1954,92,75,700,400532,944,1153,0.747543152,1.5,9855,4825,5025,555,480,550,645,655,765,785,680,725,840,790,630,510,370,320,225,185,140,2385,1240,1600,1305,9430,110,780,15,10,2745,20,765,395,20,20,47,0,4.377647,33.9266,1
Keelesdale-Eglinton West,110,373029,165,245,4.1,2.3,4,2.8,349,251,1,1485,0,344,3,56.84,61.42,3,47.92368126,13,209.5,1385,88,0.135732361,144.5,8074.6,2750,348052.1995,266,25,707,373029,1644,1653,0.755119216,1.7,10640,5225,5410,555,520,610,690,695,725,760,720,805,905,850,645,590,450,365,340,250,150,2810,1570,1700,1385,10195,225,775,5,10,2755,25,740,310,65,60,77,347909,4.565908,28.5705,3
Rockcliffe-Smythe,111,353967,2590,5200,29.1,23.3,17,3.470588235,1252,564,273,1088,0,26,6,60.03,62.59,0,51.85185185,12,262.5,2505,252,0.552890991,28.8,2573,653,1538308.167,314,110,710,353967,3345,3422,0.740570254,5.1,22270,10750,11520,1290,1230,1305,1455,1470,1515,1500,1435,1555,1785,1680,1420,1220,975,805,700,530,385,6070,3425,3820,2925,21500,475,700,65,55,2540,120,2035,365,50,80,75,105926,5.419384,36.3593,8
Beechborough-Greenbrook,112,440179,185,410,6.9,6.3,10,1.1,537,293,63,373,91,4087,3,59.9,63.34,1,54.28051002,7,297.7,450,41,0.207527138,254.4,21135,3911,471027.1467,128,22,677,440179,4140,1478,0.641303435,1.8,6490,2990,3500,455,390,395,415,455,535,495,425,480,535,470,365,305,225,185,155,115,95,1435,765,1235,865,6245,45,410,15,5,795,10,285,170,90,15,44,3046781.25,5.112217,31.5296,3
Weston,113,280187,3005,5865,38,32.3,32,5.4,1048,814,0,1594,0,1709,5,56.64,62.27,4,63.50995866,49,322.2,1105,94,0.240153499,227.37,647850.1,96336,804471.0408,536,157,679,280187,4578,4149,0.61487124,2.6,18170,8545,9625,1270,985,940,1100,1270,1420,1405,1255,1330,1440,1375,1220,925,640,520,400,350,325,4370,2235,3205,2370,17445,230,650,40,170,655,55,1400,270,320,60,90,351003.6875,5.351026,37.9992,10
Lambton Baby Point,114,806452,515,1170,16.3,14.8,0,4.5,644,94,5,1677,0,486,11,63.38,71.69,0,45.30120482,7,183.5,120,80,0.440985674,0,0,0,800289.8023,66,19,749,806452,438,1049,0.540353798,1.7,7920,3695,4220,585,535,505,475,405,435,505,590,690,660,630,565,435,265,205,155,125,160,1900,900,1630,880,7750,85,95,45,30,125,105,205,40,0,0,9,0,5.004708,41.6178,1
Mount Dennis,115,273418,1350,3640,27.7,27.7,21,1.733333333,864,545,5,1312,0,1035,3,55.49,60.13,1,54.48628545,6,232.3,1960,92,0.672325001,0,156,156,705790.7966,184,109,680,273418,2198,2937,0.695403325,2.1,13150,6210,6935,805,805,835,930,950,1020,915,855,930,1150,1045,800,615,460,365,225,200,235,2940,1515,2455,1865,12425,295,210,175,70,800,60,1290,390,65,60,72,82631,5.659364,29.9101,1
Steeles,116,440688,1175,2985,15.3,11.9,0,0,0,428,966,2173,1109,4088,0,68.59,65.21,13,39.00156006,9,143.8,0,692,0.450219119,0,2596,2596,1022877.242,237,105,778,440688,5835,1549,0.821580526,4.6,25010,12010,13010,950,940,1120,1565,1925,1905,1280,1350,1905,2070,1895,1820,1745,1195,1050,895,715,690,8105,4545,3020,3500,23975,15735,260,90,80,30,25,85,350,270,105,49,223135,2.886918,30.2621,2
L'Amoreaux,117,355438,5420,13580,36.3,30.2,12,7.733333333,1552,867,1,4168,237,3730,17,63.64,63.56,9,43.27044025,88,163.4,1735,745,0.598731588,240.96,16315,251,2262946.56,443,126,758,355438,4734,3848,0.848396954,7.1,44915,21085,23840,2230,2100,2375,3070,3125,3075,2380,2790,3320,3870,3310,2950,2610,1955,1865,1640,1270,1015,13275,7725,6695,6210,43075,15065,715,180,675,100,100,320,1125,3655,510,94,133245,4.594557,34.1213,6
Tam O'Shanter-Sullivan,118,411143,2950,7440,30.1,27.2,10,6.833333333,985,589,181,4600,262,2766,12,63.78,64.07,5,49.68461912,59,158.8,1055,371,0.348352702,0,0,0,1710828.495,343,192,756,411143,3882,1973,0.821252036,5.5,27390,12840,14555,1460,1380,1370,1560,1765,1665,1605,1850,1965,2230,1925,1655,1435,1235,1220,1190,945,970,8595,5520,4170,3305,26195,8220,340,170,420,70,65,315,820,1150,780,64,2934.510009,4.565937,37.1095,15
Wexford/Maryvale,119,422689,1335,3055,13.4,11.3,37,0.916666667,578,593,862,4777,111,7239,0,63.17,62.21,14,50.9202454,64,196.6,189,396,0.47116816,1102.08,187050.8,50349,2010846.173,945,140,735,422689,16717,3014,0.690990962,10.2,27020,13015,14005,1430,1320,1530,1740,1710,1620,1570,1665,1940,2340,2235,1830,1465,1060,990,860,900,790,7930,4615,4285,3465,25830,1255,565,155,280,145,65,515,1705,1070,400,195,60985,5.111244,39.6217,18
Clairlea-Birchmount,120,387912,1480,3600,16.9,14.5,9,3.8,273,570,91,1386,0,1063,2,61.52,64.64,4,50.92682927,12,281.3,2169,289,0.418068747,285.32,657051.4,445019,1282846.088,831,84,741,387912,15391,2688,0.708584471,7.4,24775,12095,12670,1520,1305,1420,1585,1575,1730,1830,1780,1955,2220,1925,1550,1220,775,650,605,540,580,5890,3125,4245,3170,23025,1800,460,60,230,120,75,350,1360,535,740,79,331848.3125,5.054501,38.6241,8
Oakridge,121,347446,2710,6100,51.9,45.2,9,10,1464,869,697,815,1994,151,20,57.49,60.59,0,60.49886621,7,288.1,645,79,0.25345683,0,416,416,523379.9543,201,54,704,347446,1768,2967,0.766588866,1.8,13505,6590,6915,1055,930,885,850,810,955,1035,1010,1125,1060,1035,725,555,435,340,250,205,265,2760,1480,2880,1650,12880,640,120,40,335,50,55,125,455,200,460,59,282183.3438,5.259426,33.5762,2
Birchcliffe-Cliffside,122,522905,465,745,5.1,3.4,16,13.42857143,870,283,2861,5949,0,6880,6,59.42,67.73,1,39.26342072,23,318.1,425,347,0.616075255,0,0,0,2019988.264,345,110,747,522905,3228,1789,0.370008961,6,21860,10455,11390,1060,1045,1110,1370,1200,1115,1180,1415,1615,2105,2085,1745,1510,960,705,575,530,535,6560,3315,3210,2565,21080,740,245,20,75,120,70,220,345,105,60,56,245132,4.481315,37.9681,8
Cliffcrest,123,542218,1100,2080,18.9,13.2,10,5.875,497,289,0,1668,0,320,9,59.84,64.98,0,38.40682788,8,258.9,197,238,1.432132979,0,133620.2,131557,2461970.644,200,70,748,542218,2132,1342,0.50339459,7.1,15700,7645,8060,775,840,1035,1125,985,790,695,905,1175,1410,1410,1130,1020,650,485,525,395,355,4575,2430,2655,2105,15340,560,200,40,150,65,90,200,365,415,100,38,24580,4.7402,40.555,16
Kennedy Park,124,293600,1810,3900,27.6,22.9,14,5.6875,1661,540,1156,3389,329,5115,10,56.89,59.03,1,48.33702882,17,256.9,1295,200,0.119007268,0,36,36,826781.0705,261,82,729,293600,1824,2583,0.725584944,3.6,17050,8190,8875,975,925,1030,1140,1070,1095,1070,1140,1325,1530,1370,1220,900,645,540,475,365,255,4405,2300,2940,2200,16255,1145,315,35,200,75,25,265,1305,955,225,57,16200,5.128451,37.5319,6
Ionview,125,330109,2550,5795,50.2,44.3,12,1.714285714,332,393,325,660,0,16,0,55.62,60.39,1,52.56769374,15,232.9,420,129,0.13033001,0,0,0,409684.0972,148,45,712,330109,1003,1675,0.707344308,2,13095,6205,6885,795,710,680,770,930,975,950,890,1010,1130,1010,830,685,500,420,330,265,175,3195,1680,2190,1705,12475,800,140,20,65,45,15,170,1100,1075,165,23,2040,5.000682,33.6001,4
Dorset Park,126,279189,2785,7130,32.6,29.3,13,1.875,510,515,671,2675,667,3458,7,58.71,59.91,10,57.77088182,31,196,1188,232,0.173972028,306.96,858229.8,496649,631875.4617,969,52,727,279189,12722,2803,0.798829603,6,24360,11520,12840,1690,1460,1340,1505,1500,1700,1740,1790,1755,2000,1935,1525,1190,820,655,655,540,555,5960,3245,4490,2995,22755,2410,205,50,430,70,35,290,1310,2955,870,78,25500,5.060029,32.9104,5
Bendale,127,329355,1210,3630,12,13,19,3.8,508,701,677,2373,884,3120,7,59.19,62.08,14,57.58287653,84,204.7,1645,372,0.981964797,0,127150.2,55313,1772970.419,853,200,738,329355,17680,2729,0.768222994,7.4,27870,13455,14405,1525,1460,1425,1655,2085,2030,1840,1905,1920,2080,1915,1645,1505,1135,1085,1070,850,710,8015,4855,4420,3735,26175,3585,300,175,425,110,45,335,1445,1750,970,70,28350,5.07059,35.6323,6
Agincourt South-Malvern West,128,332710,1020,2785,14.8,12.7,12,2.25,172,385,1387,4462,0,10486,0,61.83,62.68,21,42.1021553,75,156.1,350,470,0.2397495,2592.39,421649.45,236731,1400164.909,1378,135,756,332710,18329,1542,0.839875918,7.9,21990,10630,11350,1080,930,1150,1480,1630,1500,1275,1360,1605,1950,1770,1500,1325,905,850,705,565,410,6255,3435,3165,3095,21155,9370,415,70,170,60,25,130,500,1035,395,110,328204,4.131801,33.1112,12
Agincourt North,129,375307,540,1905,5.9,6.3,6,0,77,531,229,2958,0,4233,0,65.87,64.22,9,42.26002941,20,138.7,500,775,0.250098151,607.86,82592.3,16092,1254144.346,353,130,765,375307,7449,1930,0.829436197,7.3,30280,14445,15845,1320,1345,1560,2000,2165,2145,1685,1715,2125,2655,2360,2105,2000,1430,1245,1025,745,650,9225,5120,4235,4150,28950,14710,150,55,140,70,20,145,780,2845,350,75,0,3.576297,33.7874,4
Milliken,130,387879,310,825,4,3,1,6.666666667,247,404,1199,2381,499,3292,0,67.02,64.82,74,42.19229861,137,120,0,815,0.512021903,8791.76,3546500.6,222837,1043903.036,2090,220,770,387879,16901,1921,0.807339661,9.4,27160,13055,14115,1265,1200,1330,1715,2020,2055,1500,1700,1820,2205,2130,2065,1855,1145,960,850,695,700,8255,4325,3800,3710,26090,16265,45,30,60,20,0,75,675,1515,235,80,112135,3.039185,30.9314,1
Rouge,131,426850,590,1165,4.5,2.5,23,0.090909091,522,411,438,1969,334,1649,0,64.72,66.77,15,48.04214723,25,215.7,0,725,14.27145522,171.26,93419.88,56778,12888043.88,877,210,738,426850,14207,2994,0.644308811,37.6,45905,22275,23635,2670,2705,3150,3465,3475,3265,2865,2810,3170,3705,3670,3355,2790,1795,1155,800,570,535,10970,4825,8530,6925,43685,1455,255,90,410,125,35,300,2365,7140,1230,47,5060,4.982575,33.8903,2
Malvern,132,256488,1060,3175,7.9,7,32,1.166666667,927,851,2086,8044,1360,8334,9,60.42,62.57,13,51.56400717,84,205.9,2512,549,0.690798137,399.64,79469,66889,1249250.532,625,81,724,256488,11173,5078,0.708640776,8.9,45085,21560,23530,2925,3045,3250,3475,3485,3385,2930,3005,3100,3540,3095,2750,2535,1765,1160,825,490,315,9825,4545,9220,6960,42915,2885,105,70,325,100,15,445,2305,6240,2350,125,188369,4.775605,29.8452,0
Centennial Scarborough,133,491024,0,0,0,0,1,0,139,65,496,2607,65,3991,0,69.54,70.78,0,36.41364136,5,150.8,0,252,0.830824845,0,311,311,1802189.828,126,80,774,491024,951,399,0.47340375,5.4,13100,6355,6740,625,680,840,975,940,650,585,730,910,1125,1155,1010,940,760,560,305,170,120,3875,1930,2145,1915,12745,405,250,35,95,80,40,85,360,265,175,20,0,4.711154,38.9269,2
Highland Creek,134,529278,0,0,0,0,2,0,3,96,0,376,230,0,0,68.28,64.19,1,32.01219512,8,170.1,0,364,0.194054785,0,25829.6,10030,1444565.206,91,110,751,529278,1798,724,0.637194462,5.1,13100,6435,6660,445,585,710,930,1130,1020,710,585,715,1015,1085,1125,1050,740,490,345,180,245,4155,1985,1745,2055,12505,685,305,70,80,85,15,70,465,1060,215,45,21000,4.950386,33.2523,1
Morningside,135,289646,1465,3570,25,20.3,13,3.333333333,460,419,234,2750,388,788,5,59.36,61.65,5,53.64758698,32,246.4,2125,235,1.854249005,0,0,0,2317635.582,108,28,711,289646,3566,2534,0.655450155,5.6,17585,8445,9140,1080,995,1045,1375,1460,1250,1035,990,1160,1345,1355,1175,1000,670,600,470,335,260,4475,2310,3130,2845,16515,585,80,70,215,40,15,185,1075,1715,610,35,0,5.038741,35.0163,8
West Hill,136,308229,3010,5880,31.1,22.1,22,8.4,2089,725,434,3907,72,5377,21,58,61.5,1,48.36601307,33,248.9,1725,338,1.993607468,104759.13,54076528.3,371626,3403338.25,424,153,706,308229,4500,4974,0.556880414,9.6,26550,12560,14000,1575,1550,1820,2055,1870,1600,1460,1525,1935,2145,2090,1800,1515,1105,900,670,485,445,6925,3615,4950,3930,25380,575,330,60,445,90,65,435,985,810,425,79,297563,5.301753,32.5398,8
Woburn,137,316584,5090,14870,27.8,27.9,26,4.911764706,2660,1306,1137,5106,678,10365,22,56.83,60.67,6,55.62849502,93,187.8,5690,600,1.354011781,0,17463.8,2357,2746208.229,1073,214,723,316584,16190,6747,0.770734357,12.2,53350,26005,27330,3485,3415,3400,3575,4005,3825,3835,3805,3830,3945,3580,2905,2355,1950,1800,1690,1185,820,12655,7425,10295,7585,50890,3560,430,125,1070,180,70,615,2075,4665,1740,105,371010,5.021696,37.2474,22
Eglinton East,138,274020,3935,10105,48.8,44.3,33,2.588235294,865,688,0,892,245,64,4,56.7,59.1,8,53.68682684,19,214.7,1005,209,0.233048669,27469.6,901516.8,4410,656321.1838,296,143,705,274020,2351,4171,0.715061035,3.2,22830,10580,12240,1555,1500,1500,1545,1535,1450,1485,1515,1675,1745,1635,1395,1130,850,740,615,535,420,5695,3150,4535,3080,21580,915,255,55,305,90,30,325,1540,2740,340,46,94295,5.184124,35.3157,5
Scarborough Village,139,356096,2905,7860,49.2,47.3,22,4.4,922,683,1012,2101,203,3099,10,54.67,59.76,4,55.69514238,24,239.2,2157,115,0.28632843,0,0,0,1127497.011,228,217,699,356096,1851,4133,0.697737056,3.1,16615,7825,8790,1200,1140,1150,1240,1220,1035,1040,1045,1205,1280,1155,1080,795,525,430,360,335,360,3885,2000,3485,2445,15860,330,160,35,525,50,40,250,505,1625,865,32,253268.125,5.178616,32.939,6
Guildwood,140,444309,605,1020,15.3,10.4,3,0,0,62,0,1801,0,1483,0,64.99,71.48,0,31.79723502,7,188.6,150,179,0.697039334,0,0,0,1681205.082,67,171,774,444309,924,309,0.414015747,3.8,9815,4550,5270,370,440,485,565,510,395,395,515,650,710,855,780,650,560,500,570,470,420,3920,2490,1285,1075,9495,185,110,30,70,40,50,95,165,75,25,18,15000,4.513205,43.0591,14
